nomem_encr,cf19l_m,cf19l390,cf19l391,cf19l392,cf19l393,cf19l394,cf19l395,cf19l396,cf19l397
53334,201909,1,4,4,02-09-2019,18:45:14,02-09-2019,18:49:29,255
53334,201909,3,4,1,02-09-2019,22:07:24,02-09-2019,22:17:23,599
53337,201909,3,3,3,16-09-2019,13:04:13,16-09-2019,13:06:53,160
53337,201909,4,3,3,17-09-2019,11:34:20,17-09-2019,11:45:07,647
53339,201909,1,3,2,21-09-2019,13:47:55,21-09-2019,13:51:55,240
53340,201909,NA,NA,NA,02-09-2019,12:25:47,,,NA
53341,201909,5,5,5,13-09-2019,09:25:33,13-09-2019,09:28:14,161
53342,201909,1,3,3,22-09-2019,17:08:29,22-09-2019,17:12:35,246
53344,201910,NA,NA,NA,28-10-2019,12:55:31,,,NA
53345,201909,4,5,5,08-09-2019,13:51:44,08-09-2019,13:58:12,388
53346,201909,4,4,4,11-09-2019,18:29:48,11-09-2019,18:33:47,239
53347,201909,2,2,2,02-09-2019,19:05:51,02-09-2019,19:14:48,537
53347,201909,1,3,4,20-09-2019,13:04:51,20-09-2019,13:11:31,400
53348,201909,2,4,4,13-09-2019,16:35:05,13-09-2019,16:40:14,309
53349,201909,2,2,2,23-09-2019,20:08:29,23-09-2019,20:12:21,232
53350,201909,3,4,3,02-09-2019,15:14:44,02-09-2019,15:16:55,131
53352,201910,3,3,3,07-10-2019,12:40:41,07-10-2019,12:46:57,376
53353,201909,5,5,5,03-09-2019,14:01:53,03-09-2019,14:06:31,278
53357,201909,3,4,4,04-09-2019,11:08:13,04-09-2019,11:12:59,286
53358,201909,3,3,3,06-09-2019,15:28:56,06-09-2019,15:33:15,259
53363,201909,2,4,4,02-09-2019,21:47:24,02-09-2019,21:56:30,546
53363,201909,1,5,4,02-09-2019,15:41:13,02-09-2019,15:55:24,851
53364,201909,5,5,5,24-09-2019,21:54:38,24-09-2019,21:55:06,28
53366,201909,3,3,3,18-09-2019,20:11:30,18-09-2019,20:23:16,706
53367,201909,1,5,5,05-09-2019,14:22:46,05-09-2019,14:27:04,258
53371,201909,4,4,4,15-09-2019,13:25:03,15-09-2019,13:36:26,683
53371,201909,4,4,5,03-09-2019,14:33:17,03-09-2019,14:50:09,1012
53372,201909,3,3,3,17-09-2019,20:49:39,17-09-2019,20:53:41,242
53377,201909,5,4,4,18-09-2019,20:38:14,18-09-2019,20:46:58,524
53378,201909,4,4,3,07-09-2019,11:49:03,07-09-2019,11:52:45,222
53378,201909,3,3,3,02-09-2019,19:51:39,06-09-2019,18:56:24,342285
53378,201909,5,5,5,06-09-2019,07:06:09,06-09-2019,07:07:59,110
53378,201909,4,5,5,02-09-2019,19:30:13,02-09-2019,19:36:15,362
53380,201909,5,5,5,18-09-2019,13:47:46,18-09-2019,13:51:14,208
53380,201909,4,4,4,23-09-2019,21:44:17,23-09-2019,21:47:36,199
53381,201910,1,2,3,21-10-2019,13:07:14,21-10-2019,13:17:35,621
53383,201909,1,3,3,16-09-2019,14:49:24,16-09-2019,14:52:17,173
53384,201909,3,3,3,23-09-2019,21:24:08,23-09-2019,21:43:33,1165
53385,201909,1,5,5,23-09-2019,19:29:34,23-09-2019,19:43:41,847
53385,201909,1,3,4,06-09-2019,21:14:31,06-09-2019,21:19:12,281
53390,201909,5,5,5,23-09-2019,21:37:30,23-09-2019,21:48:38,668
53391,201909,3,3,3,07-09-2019,11:19:59,07-09-2019,11:23:32,213
53392,201909,1,4,5,02-09-2019,15:03:23,02-09-2019,15:10:21,418
53393,201909,1,5,5,24-09-2019,15:09:24,24-09-2019,15:13:35,251
53394,201909,5,4,4,16-09-2019,21:54:40,16-09-2019,22:06:24,704
53394,201909,2,4,3,21-09-2019,22:52:50,21-09-2019,22:59:26,396
53395,201909,4,4,4,04-09-2019,14:07:34,04-09-2019,14:11:56,262
53399,201909,1,5,5,24-09-2019,13:20:53,24-09-2019,13:26:51,358
53400,201909,3,3,3,24-09-2019,13:12:09,24-09-2019,13:15:14,185
53400,201910,5,5,5,26-10-2019,16:53:46,26-10-2019,16:59:16,330
53400,201910,5,5,5,25-10-2019,20:48:36,25-10-2019,20:50:42,126
53402,201909,5,5,5,12-09-2019,10:35:50,12-09-2019,10:42:04,374
53404,201909,2,5,5,02-09-2019,20:14:16,02-09-2019,20:20:04,348
53405,201909,3,3,3,24-09-2019,19:53:16,24-09-2019,20:04:15,659
53406,201910,NA,NA,NA,18-10-2019,20:09:56,,,NA
53409,201909,2,5,5,23-09-2019,18:18:04,23-09-2019,18:21:41,217
53409,201909,4,5,5,19-09-2019,20:57:19,19-09-2019,21:01:35,256
53410,201909,4,4,4,03-09-2019,12:04:19,03-09-2019,12:07:53,214
53411,201909,3,5,5,23-09-2019,18:59:50,23-09-2019,19:06:19,389
53411,201909,2,4,4,17-09-2019,16:36:37,17-09-2019,16:40:51,254
53412,201909,4,5,5,04-09-2019,17:17:55,04-09-2019,17:21:40,225
53414,201909,2,3,3,12-09-2019,10:18:37,12-09-2019,10:22:19,222
53414,201909,3,3,3,02-09-2019,18:42:06,02-09-2019,18:48:02,356
53415,201909,3,3,3,13-09-2019,16:27:46,13-09-2019,16:42:22,876
53416,201909,5,4,3,03-09-2019,14:42:45,07-09-2019,18:06:23,357818
53417,201909,5,5,5,24-09-2019,13:57:00,24-09-2019,14:07:29,629
53418,201910,5,5,5,09-10-2019,13:29:54,09-10-2019,13:44:14,860
53419,201909,5,5,5,05-09-2019,18:23:59,05-09-2019,18:29:59,360
53420,201909,5,5,5,02-09-2019,20:20:44,02-09-2019,20:40:59,1215
53422,201909,3,3,3,05-09-2019,18:22:16,05-09-2019,18:28:16,360
53424,201909,1,5,5,19-09-2019,21:44:13,19-09-2019,22:05:57,1304
53425,201909,5,5,5,12-09-2019,18:48:08,12-09-2019,18:54:04,356
53425,201909,3,3,3,11-09-2019,22:17:49,11-09-2019,22:35:56,1087
53426,201909,2,4,3,16-09-2019,15:20:23,16-09-2019,15:24:03,220
53427,201909,5,5,5,23-09-2019,21:33:39,23-09-2019,21:38:03,264
53430,201909,1,2,2,05-09-2019,18:51:00,05-09-2019,18:56:07,307
53431,201909,3,3,3,21-09-2019,20:28:44,21-09-2019,20:34:33,349
53431,201909,3,4,4,16-09-2019,14:51:34,16-09-2019,15:37:14,2740
53432,201909,2,4,3,16-09-2019,21:29:42,16-09-2019,21:33:13,211
53432,201909,4,4,4,23-09-2019,07:58:39,23-09-2019,08:10:08,689
53432,201909,1,4,5,02-09-2019,15:47:19,02-09-2019,15:53:44,385
53433,201909,3,3,3,24-09-2019,11:41:00,24-09-2019,11:45:03,243
53436,201910,2,2,2,29-10-2019,18:41:30,29-10-2019,18:46:06,276
53436,201909,3,3,3,09-09-2019,21:25:18,09-09-2019,21:33:50,512
53437,201909,5,5,5,14-09-2019,22:25:10,14-09-2019,22:34:31,561
53437,201909,3,5,5,02-09-2019,19:40:24,02-09-2019,19:47:56,452
53437,201909,1,5,5,06-09-2019,10:55:29,06-09-2019,11:02:27,418
53438,201909,2,4,4,09-09-2019,15:56:22,09-09-2019,16:03:05,403
53438,201909,3,3,3,06-09-2019,10:41:22,06-09-2019,10:47:01,339
53438,201909,1,5,5,07-09-2019,17:41:17,07-09-2019,17:50:34,557
53439,201909,2,4,4,05-09-2019,16:14:15,05-09-2019,16:22:34,499
53440,201909,4,4,4,03-09-2019,07:57:26,03-09-2019,08:03:45,379
53440,201909,1,5,5,03-09-2019,08:56:59,03-09-2019,09:03:57,418
53442,201909,4,4,4,12-09-2019,13:47:55,12-09-2019,13:54:19,384
53442,201909,4,4,4,04-09-2019,15:22:51,04-09-2019,15:35:59,788
53444,201909,5,5,5,04-09-2019,13:42:09,04-09-2019,13:44:50,161
53444,201910,5,5,5,08-10-2019,14:10:52,08-10-2019,14:19:44,532
53450,201909,3,4,4,23-09-2019,19:59:38,23-09-2019,20:06:03,385
53451,201910,5,5,5,19-10-2019,15:58:13,19-10-2019,16:08:30,617
53452,201909,3,3,3,08-09-2019,16:17:08,08-09-2019,16:24:30,442
53452,201909,3,3,3,02-09-2019,20:38:04,02-09-2019,20:42:57,293
53455,201909,5,4,4,12-09-2019,17:19:39,12-09-2019,17:33:11,812
53457,201909,2,5,2,09-09-2019,14:37:57,09-09-2019,14:40:46,169
53457,201909,5,4,3,21-09-2019,14:29:57,21-09-2019,14:36:37,400
53457,201909,3,5,5,16-09-2019,16:18:09,16-09-2019,16:27:59,590
53458,201910,1,4,4,29-10-2019,16:10:57,29-10-2019,16:15:43,286
53461,201909,4,3,3,16-09-2019,21:25:12,16-09-2019,21:27:24,132
53463,201910,3,4,3,23-10-2019,15:25:03,23-10-2019,15:35:17,614
53464,201909,5,5,5,07-09-2019,12:51:19,07-09-2019,12:58:42,443
53464,201909,1,4,4,12-09-2019,18:35:53,12-09-2019,18:40:14,261
53469,201909,5,5,5,02-09-2019,15:34:55,02-09-2019,15:40:31,336
53469,201910,3,3,3,20-10-2019,14:29:39,20-10-2019,14:36:43,424
53471,201909,3,4,5,04-09-2019,11:28:50,04-09-2019,11:34:05,315
53473,201909,5,5,5,05-09-2019,13:47:59,05-09-2019,13:52:43,284
53476,201909,3,4,4,17-09-2019,10:55:07,17-09-2019,10:57:45,158
53479,201909,3,3,5,04-09-2019,10:21:33,04-09-2019,10:29:34,481
53482,201909,4,4,4,02-09-2019,17:30:59,02-09-2019,17:38:30,451
53483,201909,3,3,3,24-09-2019,12:28:53,24-09-2019,13:18:49,2996
53484,201909,3,4,4,17-09-2019,17:54:39,17-09-2019,17:57:50,191
53488,201909,3,3,3,23-09-2019,15:43:00,23-09-2019,15:48:07,307
53489,201909,1,2,2,23-09-2019,21:41:28,23-09-2019,21:45:10,222
53493,201909,3,3,3,05-09-2019,11:06:49,05-09-2019,11:14:00,431
53493,201909,1,1,5,07-09-2019,17:46:50,07-09-2019,17:54:03,433
53493,201909,3,4,4,02-09-2019,18:36:29,02-09-2019,18:40:13,224
53494,201909,4,4,3,09-09-2019,13:19:20,09-09-2019,13:24:05,285
53496,201910,3,3,3,21-10-2019,19:06:07,21-10-2019,19:09:30,203
53498,201909,5,5,5,17-09-2019,17:29:26,17-09-2019,17:40:14,648
53503,201909,3,3,3,18-09-2019,15:31:37,18-09-2019,15:36:45,308
53505,201909,4,4,4,24-09-2019,21:16:18,24-09-2019,21:39:32,1394
53505,201909,3,5,5,20-09-2019,09:01:33,20-09-2019,09:04:09,156
53506,201909,5,5,3,02-09-2019,21:39:54,02-09-2019,21:46:53,419
53506,201909,1,5,5,02-09-2019,14:05:17,02-09-2019,14:06:18,61
53507,201910,5,5,5,08-10-2019,22:43:18,08-10-2019,22:48:48,330
53509,201909,1,3,5,02-09-2019,17:01:46,02-09-2019,17:17:38,952
53512,201909,1,4,4,06-09-2019,10:18:31,06-09-2019,10:27:34,543
53517,201909,4,4,5,12-09-2019,02:53:39,12-09-2019,02:57:53,254
53519,201909,5,5,5,11-09-2019,09:52:31,11-09-2019,09:56:01,210
53523,201909,1,1,1,02-09-2019,19:39:12,02-09-2019,19:49:33,621
53524,201909,3,4,4,17-09-2019,21:10:46,17-09-2019,21:16:51,365
53526,201909,4,5,4,02-09-2019,14:09:57,02-09-2019,14:14:26,269
53527,201909,2,2,3,16-09-2019,17:21:03,16-09-2019,17:28:47,464
53527,201909,1,5,5,07-09-2019,12:48:23,07-09-2019,12:51:57,214
53530,201909,5,5,5,04-09-2019,13:05:53,04-09-2019,13:10:35,282
53531,201909,1,4,3,04-09-2019,19:42:54,04-09-2019,19:52:44,590
53532,201909,1,2,2,02-09-2019,15:30:43,02-09-2019,15:35:47,304
53532,201909,3,4,4,16-09-2019,13:40:27,16-09-2019,13:44:43,256
53532,201909,3,3,4,15-09-2019,16:21:17,15-09-2019,16:31:57,640
53533,201909,3,3,3,10-09-2019,16:04:13,10-09-2019,16:25:35,1282
53536,201909,5,5,5,16-09-2019,13:25:57,16-09-2019,13:29:42,225
53537,201909,3,4,4,13-09-2019,08:50:24,13-09-2019,08:57:38,434
53538,201909,3,3,3,17-09-2019,17:39:06,17-09-2019,17:45:00,354
53538,201909,1,1,3,02-09-2019,13:13:15,02-09-2019,13:19:15,360
53540,201909,5,5,5,23-09-2019,15:11:02,23-09-2019,15:13:51,169
53540,201909,5,4,4,15-09-2019,11:23:26,15-09-2019,11:30:01,395
53542,201909,4,4,4,21-09-2019,20:05:19,21-09-2019,20:13:03,464
53542,201909,4,4,2,02-09-2019,22:15:13,02-09-2019,22:19:35,262
53543,201909,4,5,5,02-09-2019,12:54:15,02-09-2019,13:04:28,613
53544,201909,3,4,3,08-09-2019,20:59:25,08-09-2019,21:04:08,283
53545,201910,NA,NA,NA,29-10-2019,23:41:57,,,NA
53547,201909,4,4,4,05-09-2019,14:14:37,05-09-2019,14:16:01,84
53547,201910,5,2,5,23-10-2019,16:34:50,23-10-2019,16:44:09,559
53549,201909,2,2,2,02-09-2019,17:58:28,02-09-2019,18:00:53,145
53551,201909,3,4,4,04-09-2019,22:49:39,04-09-2019,22:54:47,308
53552,201909,5,5,5,23-09-2019,21:15:01,23-09-2019,21:21:58,417
53557,201909,3,3,3,11-09-2019,15:35:59,11-09-2019,15:40:15,256
53559,201909,1,3,3,22-09-2019,17:43:41,22-09-2019,17:51:11,450
53563,201909,5,5,5,24-09-2019,21:47:59,24-09-2019,21:53:08,309
53564,201909,2,5,5,17-09-2019,22:31:26,17-09-2019,22:38:29,423
53565,201909,3,3,5,03-09-2019,17:22:27,03-09-2019,17:26:09,222
53567,201909,3,3,3,03-09-2019,17:13:40,03-09-2019,17:20:54,434
53567,201909,1,2,3,19-09-2019,15:12:23,19-09-2019,15:23:53,690
53567,201909,4,4,3,05-09-2019,08:25:13,05-09-2019,08:34:06,533
53568,201909,3,3,3,02-09-2019,12:58:30,02-09-2019,13:03:39,309
53569,201910,4,4,4,07-10-2019,20:29:48,07-10-2019,20:37:49,481
53569,201909,4,5,5,18-09-2019,19:34:29,18-09-2019,19:47:53,804
53570,201909,3,3,3,21-09-2019,19:28:21,21-09-2019,19:34:45,384
53571,201909,3,3,3,07-09-2019,00:11:08,07-09-2019,00:20:49,581
53572,201910,5,4,3,29-10-2019,17:15:56,29-10-2019,17:25:24,568
53572,201909,3,3,5,11-09-2019,08:53:11,11-09-2019,08:57:45,274
53575,201909,4,4,3,18-09-2019,11:16:42,18-09-2019,11:20:03,201
53575,201909,3,3,3,03-09-2019,21:22:49,03-09-2019,21:27:53,304
53577,201909,3,5,5,23-09-2019,15:35:19,23-09-2019,15:46:02,643
53578,201909,5,4,3,21-09-2019,17:21:10,21-09-2019,17:24:04,174
53580,201909,3,3,3,05-09-2019,21:03:35,05-09-2019,21:09:37,362
53581,201909,5,5,5,18-09-2019,15:28:15,18-09-2019,15:31:08,173
53582,201909,3,3,3,22-09-2019,09:35:56,22-09-2019,09:38:18,142
53582,201909,5,5,5,12-09-2019,02:12:23,12-09-2019,02:26:25,842
53582,201909,5,5,5,03-09-2019,14:40:33,03-09-2019,14:44:06,213
53583,201909,2,3,4,23-09-2019,18:27:23,23-09-2019,18:30:01,158
53584,201909,1,1,1,18-09-2019,11:57:55,18-09-2019,12:02:32,277
53585,201909,4,4,4,23-09-2019,16:52:54,23-09-2019,16:57:01,247
53586,201910,5,4,4,15-10-2019,09:35:17,15-10-2019,09:37:49,152
53586,201909,3,2,2,03-09-2019,15:14:22,03-09-2019,15:35:27,1265
53587,201909,3,5,5,02-09-2019,12:57:59,02-09-2019,13:04:42,403
53587,201909,3,1,1,15-09-2019,15:08:23,15-09-2019,15:12:48,265
53587,201909,1,5,5,02-09-2019,19:32:05,02-09-2019,19:36:38,273
53589,201909,5,5,5,03-09-2019,23:42:11,03-09-2019,23:50:31,500
53590,201909,5,5,5,21-09-2019,07:48:19,21-09-2019,07:52:09,230
53591,201909,3,3,3,24-09-2019,22:03:46,24-09-2019,22:12:56,550
53594,201909,3,5,5,22-09-2019,10:30:39,22-09-2019,10:33:59,200
53595,201909,3,3,3,21-09-2019,13:30:44,21-09-2019,13:34:27,223
53595,201910,3,3,3,15-10-2019,21:49:34,15-10-2019,21:52:48,194
53596,201909,5,5,5,02-09-2019,23:52:34,02-09-2019,23:57:22,288
53597,201909,1,5,5,03-09-2019,17:47:32,03-09-2019,17:53:09,337
53597,201909,5,5,5,15-09-2019,23:15:22,15-09-2019,23:45:03,1781
53597,201909,4,4,4,22-09-2019,20:19:41,22-09-2019,20:23:16,215
53600,201909,3,4,2,04-09-2019,10:04:48,04-09-2019,10:11:01,373
53601,201909,2,2,2,09-09-2019,23:48:14,09-09-2019,23:51:01,167
53602,201909,5,5,5,24-09-2019,17:28:15,24-09-2019,17:30:56,161
53602,201910,3,4,3,13-10-2019,23:18:52,13-10-2019,23:26:49,477
53603,201909,2,3,4,03-09-2019,17:16:54,03-09-2019,17:19:44,170
53604,201909,4,5,5,16-09-2019,14:18:32,16-09-2019,14:25:54,442
53605,201909,3,3,2,02-09-2019,20:35:35,23-09-2019,14:52:42,1793827
53607,201909,3,4,3,02-09-2019,21:13:14,02-09-2019,21:17:01,227
53607,201909,5,5,5,03-09-2019,17:57:52,03-09-2019,18:03:09,317
53609,201910,2,4,4,26-10-2019,14:34:38,26-10-2019,14:45:48,670
53612,201909,4,4,4,10-09-2019,18:56:54,10-09-2019,19:02:05,311
53613,201909,3,3,3,16-09-2019,13:20:34,16-09-2019,13:24:36,242
53614,201909,3,5,4,04-09-2019,17:01:35,04-09-2019,17:04:04,149
53615,201909,5,5,5,24-09-2019,21:47:32,24-09-2019,21:48:55,83
53616,201909,4,4,4,22-09-2019,21:37:57,22-09-2019,21:41:56,239
53617,201909,4,4,4,18-09-2019,10:31:17,18-09-2019,20:51:47,37230
53618,201909,5,5,5,23-09-2019,16:09:23,23-09-2019,16:31:38,1335
53619,201909,1,4,3,20-09-2019,21:32:56,20-09-2019,21:36:58,242
53620,201909,2,5,5,23-09-2019,15:47:04,23-09-2019,15:54:49,465
53622,201909,5,5,5,10-09-2019,18:26:01,10-09-2019,18:31:23,322
53624,201910,1,5,5,08-10-2019,21:48:31,08-10-2019,21:59:12,641
53624,201909,2,2,2,07-09-2019,12:16:08,07-09-2019,12:18:03,115
53625,201909,4,4,3,12-09-2019,11:08:22,12-09-2019,11:14:28,366
53627,201910,2,2,2,17-10-2019,15:17:27,17-10-2019,15:20:35,188
53627,201909,4,4,5,22-09-2019,20:21:18,22-09-2019,20:22:43,85
53630,201909,2,3,4,06-09-2019,14:50:00,06-09-2019,14:57:18,438
53632,201909,3,4,4,02-09-2019,21:49:20,02-09-2019,21:57:43,503
53632,201909,2,4,5,23-09-2019,20:46:41,23-09-2019,20:58:38,717
53632,201910,1,1,1,07-10-2019,13:45:53,07-10-2019,13:50:05,252
53633,201909,5,5,5,04-09-2019,10:50:44,04-09-2019,10:55:32,288
53633,201909,5,5,5,24-09-2019,19:17:19,24-09-2019,19:31:40,861
53634,201909,3,2,3,24-09-2019,19:55:29,24-09-2019,20:00:35,306
53635,201910,3,3,3,07-10-2019,19:35:41,07-10-2019,19:45:53,612
53637,201909,4,5,4,23-09-2019,19:34:34,23-09-2019,19:48:43,849
53637,201909,5,5,5,04-09-2019,20:22:39,04-09-2019,20:29:59,440
53638,201909,4,4,4,07-09-2019,15:26:10,07-09-2019,15:30:49,279
53641,201909,2,3,3,22-09-2019,13:03:29,22-09-2019,13:07:27,238
53642,201909,3,4,4,09-09-2019,16:31:33,09-09-2019,16:38:51,438
53643,201909,5,5,5,17-09-2019,13:47:33,17-09-2019,13:51:15,222
53644,201909,3,5,5,02-09-2019,13:31:50,02-09-2019,13:34:08,138
53645,201910,5,4,5,22-10-2019,11:25:27,22-10-2019,11:29:36,249
53645,201909,2,2,5,04-09-2019,17:52:08,04-09-2019,17:54:36,148
53649,201909,3,3,3,02-09-2019,13:08:47,02-09-2019,13:18:02,555
53651,201909,3,4,3,16-09-2019,13:10:13,16-09-2019,13:16:11,358
53651,201909,4,5,4,09-09-2019,16:38:18,09-09-2019,17:01:32,1394
53652,201909,3,5,5,23-09-2019,15:40:17,23-09-2019,15:46:32,375
53654,201909,5,5,5,06-09-2019,16:03:36,06-09-2019,16:12:52,556
53657,201909,3,4,4,22-09-2019,18:11:09,22-09-2019,18:15:43,274
53660,201909,2,2,2,09-09-2019,16:26:24,09-09-2019,16:37:11,647
53661,201909,5,5,5,18-09-2019,16:13:02,18-09-2019,16:17:06,244
53662,201909,3,4,4,05-09-2019,14:12:59,05-09-2019,14:20:40,461
53663,201909,4,4,4,03-09-2019,14:42:31,03-09-2019,14:50:11,460
53664,201909,4,4,3,11-09-2019,11:22:06,11-09-2019,11:28:49,403
53667,201909,1,5,5,16-09-2019,13:31:40,16-09-2019,13:36:57,317
53668,201909,4,4,4,12-09-2019,20:00:16,12-09-2019,20:18:42,1106
53671,201909,4,4,5,11-09-2019,19:50:17,11-09-2019,19:56:41,384
53671,201909,3,3,5,16-09-2019,13:27:40,16-09-2019,13:32:21,281
53671,201909,1,4,5,22-09-2019,20:43:20,22-09-2019,20:48:54,334
53673,201909,4,5,5,03-09-2019,08:51:44,03-09-2019,08:58:58,434
53673,201909,4,4,4,07-09-2019,21:02:44,07-09-2019,21:10:22,458
53676,201909,4,5,5,16-09-2019,13:05:54,16-09-2019,13:25:30,1176
53677,201909,3,4,4,03-09-2019,07:33:14,03-09-2019,07:47:27,853
53679,201909,4,5,5,18-09-2019,18:33:20,18-09-2019,18:41:35,495
53680,201909,1,5,5,02-09-2019,19:32:57,03-09-2019,08:28:13,46516
53683,201909,5,5,5,06-09-2019,20:04:06,06-09-2019,20:11:46,460
53684,201909,1,3,5,12-09-2019,14:12:50,12-09-2019,14:19:39,409
53685,201909,4,4,4,16-09-2019,14:12:26,16-09-2019,14:29:17,1011
53686,201909,5,4,4,19-09-2019,20:25:15,19-09-2019,20:31:13,358
53687,201909,3,3,4,03-09-2019,11:01:37,03-09-2019,11:03:22,105
53687,201909,4,4,4,06-09-2019,13:36:05,06-09-2019,13:39:06,181
53688,201909,3,3,4,02-09-2019,14:58:15,16-09-2019,01:12:11,1160036
53689,201909,5,5,5,21-09-2019,17:07:45,21-09-2019,17:11:57,252
53689,201909,2,5,5,10-09-2019,09:23:29,10-09-2019,09:26:37,188
53690,201909,5,3,4,08-09-2019,13:12:25,08-09-2019,16:38:05,12340
53691,201910,5,5,5,28-10-2019,11:07:57,28-10-2019,11:13:35,338
53692,201909,4,4,4,23-09-2019,08:07:31,23-09-2019,08:10:41,190
53696,201909,1,3,5,02-09-2019,16:53:48,02-09-2019,16:59:41,353
53696,201909,4,5,5,11-09-2019,15:18:26,11-09-2019,15:19:48,82
53699,201909,5,5,5,07-09-2019,09:55:31,07-09-2019,09:58:59,208
53700,201909,5,4,4,02-09-2019,15:58:03,02-09-2019,16:03:33,330
53700,201909,4,5,5,03-09-2019,09:36:11,03-09-2019,09:41:35,324
53701,201909,5,5,5,15-09-2019,13:35:00,15-09-2019,13:50:00,900
53701,201909,3,3,3,18-09-2019,21:52:13,18-09-2019,21:55:31,198
53702,201909,3,4,3,24-09-2019,16:37:34,24-09-2019,16:42:11,277
53702,201909,4,5,5,02-09-2019,19:55:37,02-09-2019,19:59:57,260
53704,201909,2,3,3,24-09-2019,16:04:03,24-09-2019,16:09:54,351
53704,201909,3,4,4,07-09-2019,14:33:50,07-09-2019,14:43:51,601
53705,201909,5,5,5,09-09-2019,14:09:32,09-09-2019,14:14:20,288
53705,201909,3,3,3,02-09-2019,17:00:27,02-09-2019,17:01:27,60
53705,201909,5,5,5,23-09-2019,22:55:55,23-09-2019,23:04:34,519
53706,201909,3,4,4,03-09-2019,15:15:21,03-09-2019,15:19:19,238
53707,201909,3,3,3,03-09-2019,08:38:25,03-09-2019,08:42:41,256
53708,201909,3,4,3,17-09-2019,13:18:00,17-09-2019,13:22:37,277
53710,201909,2,4,4,04-09-2019,09:08:30,04-09-2019,09:14:19,349
53711,201910,4,5,4,23-10-2019,14:56:01,23-10-2019,14:59:12,191
53712,201909,4,5,4,24-09-2019,21:06:59,24-09-2019,21:13:46,407
53713,201909,3,3,3,08-09-2019,12:55:45,08-09-2019,13:00:51,306
53714,201909,4,4,4,23-09-2019,11:00:51,23-09-2019,11:06:13,322
53715,201910,2,5,5,29-10-2019,20:58:38,29-10-2019,21:23:03,1465
53717,201909,5,5,5,24-09-2019,16:17:13,24-09-2019,16:26:32,559
53717,201909,2,4,5,22-09-2019,21:01:27,22-09-2019,21:06:21,294
53717,201909,4,4,4,02-09-2019,13:38:15,02-09-2019,13:41:43,208
53720,201909,4,4,4,10-09-2019,11:01:28,10-09-2019,11:17:19,951
53721,201910,1,1,1,19-10-2019,12:10:56,19-10-2019,12:19:53,537
53721,201909,2,3,3,24-09-2019,20:49:22,24-09-2019,21:02:00,758
53722,201909,4,3,3,24-09-2019,19:02:05,24-09-2019,19:06:28,263
53725,201909,3,3,3,05-09-2019,10:26:53,05-09-2019,10:29:01,128
53726,201909,5,5,5,17-09-2019,11:52:16,17-09-2019,12:00:30,494
53726,201909,1,3,3,02-09-2019,15:05:15,02-09-2019,15:06:24,69
53727,201909,3,3,3,04-09-2019,14:39:40,04-09-2019,14:47:21,461
53728,201909,4,4,3,16-09-2019,15:02:25,16-09-2019,15:07:05,280
53730,201909,3,5,5,09-09-2019,14:58:35,09-09-2019,15:04:28,353
53734,201909,2,3,4,04-09-2019,10:52:11,04-09-2019,10:57:40,329
53736,201909,2,3,3,02-09-2019,16:20:17,02-09-2019,16:25:03,286
53736,201909,5,5,3,09-09-2019,09:36:42,09-09-2019,09:42:31,349
53738,201909,1,3,5,17-09-2019,10:36:26,17-09-2019,10:43:23,417
53739,201909,3,3,3,02-09-2019,19:14:51,02-09-2019,19:21:36,405
53742,201909,2,4,4,08-09-2019,11:23:01,08-09-2019,11:30:20,439
53743,201910,4,4,3,14-10-2019,20:32:05,14-10-2019,20:45:43,818
53744,201909,3,4,4,03-09-2019,21:36:43,03-09-2019,21:44:08,445
53744,201909,4,4,4,21-09-2019,13:27:42,21-09-2019,13:32:10,268
53746,201909,5,5,5,09-09-2019,23:08:24,09-09-2019,23:09:46,82
53747,201909,1,5,5,05-09-2019,09:11:39,05-09-2019,09:22:19,640
53747,201909,2,3,3,16-09-2019,12:01:40,16-09-2019,12:07:40,360
53749,201909,5,5,5,08-09-2019,15:14:25,08-09-2019,15:25:29,664
53750,201909,4,3,3,19-09-2019,10:28:02,19-09-2019,10:35:55,473
53750,201909,4,4,4,02-09-2019,13:19:30,02-09-2019,13:22:49,199
53751,201909,1,5,5,23-09-2019,23:37:33,23-09-2019,23:44:05,392
53753,201909,3,3,5,16-09-2019,20:14:37,16-09-2019,20:17:14,157
53754,201909,3,3,3,05-09-2019,10:10:09,05-09-2019,10:12:58,169
53755,201909,3,3,4,17-09-2019,10:19:47,17-09-2019,10:24:16,269
53761,201909,5,5,5,11-09-2019,10:13:50,11-09-2019,10:22:19,509
53761,201909,1,5,5,15-09-2019,08:59:40,15-09-2019,09:02:19,159
53764,201909,4,3,2,02-09-2019,12:35:57,02-09-2019,12:40:57,300
53764,201910,3,4,5,29-10-2019,12:23:03,29-10-2019,12:31:18,495
53768,201909,2,4,4,20-09-2019,11:50:20,20-09-2019,11:55:51,331
53769,201909,5,5,5,07-09-2019,19:45:29,07-09-2019,19:53:59,510
53777,201909,4,4,4,03-09-2019,10:58:06,03-09-2019,11:04:36,390
53777,201909,4,4,4,03-09-2019,20:34:40,03-09-2019,20:43:14,514
53777,201909,3,4,4,22-09-2019,20:37:44,22-09-2019,20:43:25,341
53778,201909,5,5,5,16-09-2019,15:10:29,16-09-2019,15:14:58,269
53779,201910,3,3,3,28-10-2019,20:39:27,28-10-2019,20:41:58,151
53779,201909,5,5,5,15-09-2019,13:05:49,15-09-2019,13:14:07,498
53780,201909,3,4,5,22-09-2019,10:24:38,22-09-2019,10:29:52,314
53780,201909,3,3,3,02-09-2019,19:44:20,02-09-2019,19:50:22,362
53781,201909,3,3,3,02-09-2019,21:23:33,02-09-2019,21:34:38,665
53782,201909,3,3,3,03-09-2019,16:09:43,03-09-2019,16:13:48,245
53784,201909,5,5,5,11-09-2019,17:37:58,11-09-2019,17:42:31,273
53785,201909,4,3,4,23-09-2019,11:54:02,23-09-2019,12:00:19,377
53786,201909,3,4,4,05-09-2019,19:04:44,05-09-2019,19:09:19,275
53787,201909,3,3,3,21-09-2019,19:00:11,21-09-2019,19:04:17,246
53788,201909,5,5,5,07-09-2019,13:32:50,07-09-2019,13:37:17,267
53788,201909,3,3,3,23-09-2019,20:38:45,23-09-2019,20:48:21,576
53792,201909,3,3,3,06-09-2019,16:49:00,06-09-2019,16:53:03,243
53793,201909,3,3,3,05-09-2019,15:48:07,05-09-2019,15:49:08,61
53796,201909,3,3,3,02-09-2019,12:22:37,02-09-2019,12:24:14,97
53799,201909,5,5,5,18-09-2019,10:26:10,18-09-2019,10:34:01,471
53800,201909,3,4,4,04-09-2019,19:52:27,04-09-2019,19:53:19,52
53801,201909,5,5,5,18-09-2019,16:43:24,18-09-2019,16:52:31,547
53803,201910,1,5,5,14-10-2019,17:11:04,14-10-2019,17:18:59,475
53804,201909,3,3,3,12-09-2019,19:12:51,12-09-2019,19:17:56,305
53808,201909,3,4,4,17-09-2019,19:48:41,17-09-2019,19:56:13,452
53809,201909,4,5,5,16-09-2019,14:21:05,16-09-2019,14:25:46,281
53811,201909,5,5,4,08-09-2019,11:42:39,08-09-2019,11:49:22,403
53811,201909,3,3,3,24-09-2019,22:48:45,24-09-2019,22:59:59,674
53812,201909,1,5,5,04-09-2019,17:40:15,04-09-2019,17:46:59,404
53813,201909,4,3,4,12-09-2019,17:16:30,12-09-2019,17:31:51,921
53814,201909,3,5,5,02-09-2019,22:04:05,02-09-2019,22:10:32,387
53815,201909,1,3,2,04-09-2019,18:05:59,04-09-2019,18:13:06,427
53816,201909,3,5,5,04-09-2019,12:14:04,04-09-2019,12:15:48,104
53816,201909,5,5,5,07-09-2019,09:29:10,07-09-2019,09:31:41,151
53817,201909,3,4,4,14-09-2019,08:10:16,14-09-2019,08:27:24,1028
53817,201909,3,3,3,05-09-2019,11:15:57,05-09-2019,11:16:57,60
53820,201909,4,4,3,16-09-2019,15:53:01,16-09-2019,15:58:21,320
53820,201909,5,5,5,05-09-2019,19:03:58,05-09-2019,19:06:57,179
53820,201909,5,4,4,24-09-2019,22:16:43,24-09-2019,22:27:01,618
53823,201910,5,5,5,28-10-2019,23:14:43,28-10-2019,23:18:57,254
53825,201909,3,3,3,19-09-2019,22:04:41,19-09-2019,22:05:48,67
53825,201909,4,4,4,11-09-2019,17:07:57,11-09-2019,17:10:41,164
53827,201909,3,4,4,04-09-2019,16:37:12,04-09-2019,16:44:30,438
53827,201909,2,5,5,16-09-2019,10:26:53,16-09-2019,10:28:33,100
53828,201909,3,3,3,14-09-2019,19:57:20,14-09-2019,20:06:52,572
53832,201909,1,1,3,10-09-2019,12:08:15,10-09-2019,12:11:37,202
53833,201909,1,5,5,08-09-2019,17:34:21,08-09-2019,17:51:54,1053
53835,201910,5,5,4,18-10-2019,12:35:07,18-10-2019,12:41:16,369
53837,201909,3,4,3,02-09-2019,18:26:42,02-09-2019,18:36:30,588
53837,201909,4,4,4,23-09-2019,21:22:15,23-09-2019,21:27:00,285
53838,201909,3,3,3,06-09-2019,21:52:43,06-09-2019,21:58:42,359
53839,201909,3,5,5,04-09-2019,14:29:24,04-09-2019,14:31:30,126
53840,201909,2,3,3,23-09-2019,20:59:31,23-09-2019,21:06:16,405
53841,201909,5,5,5,24-09-2019,10:46:55,24-09-2019,10:50:44,229
53842,201909,3,5,5,06-09-2019,14:40:33,06-09-2019,14:53:04,751
53843,201910,2,5,4,07-10-2019,12:36:23,07-10-2019,12:39:06,163
53845,201909,3,4,4,13-09-2019,07:41:24,13-09-2019,07:46:15,291
53847,201909,4,3,3,23-09-2019,21:31:00,23-09-2019,21:47:42,1002
53848,201909,5,5,5,10-09-2019,07:57:07,10-09-2019,08:01:10,243
53848,201910,4,4,4,29-10-2019,20:44:03,29-10-2019,20:54:12,609
53849,201909,1,3,3,23-09-2019,20:18:33,23-09-2019,20:30:08,695
53850,201909,5,4,4,24-09-2019,20:15:50,24-09-2019,20:19:19,209
53851,201909,5,5,5,18-09-2019,10:57:48,18-09-2019,11:04:30,402
53854,201909,3,3,3,02-09-2019,13:03:34,02-09-2019,13:10:12,398
53857,201909,5,5,4,07-09-2019,15:49:41,07-09-2019,15:54:35,294
53859,201909,1,5,5,15-09-2019,13:34:50,15-09-2019,13:41:14,384
53862,201910,1,1,1,16-10-2019,22:16:00,16-10-2019,22:17:46,106
53862,201910,NA,NA,NA,09-10-2019,13:25:16,,,NA
53862,201909,5,4,4,24-09-2019,11:23:13,24-09-2019,11:30:52,459
53865,201909,4,5,5,04-09-2019,09:46:28,04-09-2019,09:50:17,229
53865,201909,4,5,5,06-09-2019,16:09:57,06-09-2019,16:13:35,218
53866,201909,5,5,5,03-09-2019,16:09:23,03-09-2019,16:18:43,560
53867,201909,3,3,3,23-09-2019,21:57:30,23-09-2019,22:07:21,591
53869,201909,3,4,4,16-09-2019,12:35:40,16-09-2019,12:37:40,120
53870,201910,5,5,5,22-10-2019,21:12:41,22-10-2019,21:17:24,283
53870,201910,3,4,4,19-10-2019,13:01:42,19-10-2019,13:08:13,391
53871,201909,1,1,3,04-09-2019,10:37:47,04-09-2019,10:41:54,247
53875,201909,5,5,5,17-09-2019,22:24:37,17-09-2019,22:28:56,259
53876,201910,4,4,1,09-10-2019,15:39:24,09-10-2019,15:46:12,408
53877,201910,1,4,4,08-10-2019,05:28:10,08-10-2019,05:36:18,488
53878,201909,3,4,4,23-09-2019,18:39:58,23-09-2019,18:51:48,710
53879,201909,1,1,1,17-09-2019,15:42:29,18-09-2019,08:50:18,61669
53880,201909,4,5,5,20-09-2019,15:10:15,20-09-2019,15:26:47,992
53881,201909,2,4,4,02-09-2019,16:51:05,02-09-2019,16:56:04,299
53881,201909,3,3,3,16-09-2019,18:38:24,16-09-2019,18:48:38,614
53881,201909,2,3,3,16-09-2019,12:47:50,16-09-2019,12:52:26,276
53882,201909,4,4,4,23-09-2019,20:06:38,23-09-2019,20:11:28,290
53882,201909,5,5,4,16-09-2019,09:11:16,16-09-2019,09:17:01,345
53884,201909,3,3,4,14-09-2019,10:31:56,14-09-2019,10:34:13,137
53885,201909,4,4,4,02-09-2019,16:00:08,02-09-2019,16:05:33,325
53886,201909,4,5,5,17-09-2019,19:33:33,17-09-2019,19:41:10,457
53887,201910,2,4,4,28-10-2019,21:37:11,28-10-2019,21:42:43,332
53890,201910,3,3,3,22-10-2019,15:51:32,22-10-2019,16:00:58,566
53890,201909,4,4,5,02-09-2019,12:29:42,02-09-2019,12:30:37,55
53890,201910,1,5,5,10-10-2019,15:03:41,10-10-2019,15:04:42,61
53891,201909,1,4,4,16-09-2019,12:55:54,16-09-2019,13:02:10,376
53894,201909,3,3,3,10-09-2019,10:32:26,10-09-2019,10:42:54,628
53895,201909,5,5,5,18-09-2019,08:06:48,18-09-2019,08:16:19,571
53896,201909,3,3,3,24-09-2019,09:08:50,24-09-2019,09:14:47,357
53900,201910,3,4,4,09-10-2019,15:24:56,09-10-2019,15:29:34,278
53902,201909,4,4,4,02-09-2019,12:52:08,17-09-2019,06:38:20,1273572
53903,201909,3,1,1,02-09-2019,19:37:50,21-10-2019,13:36:15,4211905
53903,201909,3,3,3,16-09-2019,13:39:19,16-09-2019,13:44:32,313
53906,201909,4,4,4,08-09-2019,12:19:33,08-09-2019,12:20:53,80
53909,201909,2,2,4,15-09-2019,14:29:52,15-09-2019,14:35:54,362
53914,201909,5,5,5,18-09-2019,15:03:07,18-09-2019,16:10:20,4033
53915,201909,5,5,5,23-09-2019,19:53:08,23-09-2019,20:01:25,497
53916,201909,1,2,3,04-09-2019,13:40:04,04-09-2019,13:43:31,207
53917,201909,5,5,5,02-09-2019,19:59:47,02-09-2019,20:05:52,365
53918,201910,5,5,5,24-10-2019,21:45:14,24-10-2019,21:51:31,377
53919,201909,5,5,4,09-09-2019,13:02:57,09-09-2019,13:04:15,78
53919,201909,5,5,5,05-09-2019,12:23:51,05-09-2019,12:27:55,244
53920,201909,1,5,1,02-09-2019,15:38:34,02-09-2019,15:48:36,602
53920,201909,5,5,5,10-09-2019,16:01:49,10-09-2019,16:21:22,1173
53920,201909,4,4,4,11-09-2019,11:54:01,11-09-2019,11:58:05,244
53922,201909,3,3,3,21-09-2019,15:03:11,21-09-2019,15:07:29,258
53923,201909,5,5,5,02-09-2019,22:22:17,02-09-2019,22:28:28,371
53926,201909,3,3,3,02-09-2019,13:32:50,02-09-2019,13:40:02,432
53928,201909,1,5,5,24-09-2019,20:47:48,24-09-2019,21:27:08,2360
53930,201909,3,5,5,02-09-2019,16:15:16,02-09-2019,16:22:54,458
53931,201909,4,5,4,22-09-2019,10:31:48,22-09-2019,10:46:48,900
53931,201909,5,4,4,17-09-2019,09:06:56,17-09-2019,09:14:42,466
53932,201909,3,4,4,04-09-2019,09:01:05,04-09-2019,09:08:52,467
53932,201910,3,3,3,29-10-2019,15:45:05,29-10-2019,15:49:20,255
53934,201909,2,4,5,22-09-2019,16:30:36,22-09-2019,16:36:13,337
53936,201909,1,3,3,24-09-2019,18:30:16,24-09-2019,18:35:35,319
53936,201909,1,3,3,24-09-2019,10:20:22,24-09-2019,10:28:47,505
53936,201909,5,5,5,23-09-2019,09:56:26,23-09-2019,10:01:49,323
53937,201909,2,3,3,15-09-2019,18:03:01,15-09-2019,18:07:00,239
53938,201909,4,4,3,16-09-2019,15:28:24,16-09-2019,15:32:42,258
53941,201909,4,3,4,04-09-2019,16:17:11,04-09-2019,16:26:57,586
53944,201909,2,3,3,04-09-2019,18:21:56,04-09-2019,18:28:38,402
53945,201909,1,3,4,03-09-2019,10:33:00,03-09-2019,10:38:48,348
53945,201909,1,4,4,12-09-2019,16:22:15,12-09-2019,16:29:34,439
53947,201909,4,4,4,19-09-2019,13:01:45,19-09-2019,13:06:56,311
53948,201909,1,5,5,22-09-2019,22:02:54,22-09-2019,22:17:21,867
53950,201909,4,4,4,04-09-2019,10:16:08,04-09-2019,10:21:35,327
53951,201909,2,1,4,11-09-2019,09:03:31,11-09-2019,09:10:26,415
53951,201909,3,3,3,13-09-2019,17:14:23,13-09-2019,17:17:06,163
53952,201909,4,3,4,05-09-2019,09:03:23,05-09-2019,09:09:30,367
53953,201909,2,2,2,17-09-2019,21:32:15,17-09-2019,21:37:21,306
53953,201909,3,3,3,02-09-2019,16:13:31,02-09-2019,16:19:36,365
53957,201909,4,3,3,02-09-2019,23:47:37,02-09-2019,23:49:05,88
53958,201910,2,3,3,27-10-2019,17:41:43,27-10-2019,17:50:31,528
53959,201910,3,4,4,08-10-2019,13:15:50,08-10-2019,13:51:51,2161
53960,201909,3,3,3,04-09-2019,11:02:01,04-09-2019,11:04:11,130
53962,201909,2,3,3,12-09-2019,13:54:55,12-09-2019,15:31:41,5806
53965,201910,5,5,5,21-10-2019,18:30:48,21-10-2019,18:39:32,524
53965,201909,3,3,3,19-09-2019,17:04:40,19-09-2019,17:08:54,254
53967,201909,1,5,4,09-09-2019,18:43:58,09-09-2019,18:46:50,172
53967,201909,3,3,3,13-09-2019,11:23:06,13-09-2019,11:27:48,282
53968,201909,3,4,4,13-09-2019,10:21:56,13-09-2019,10:30:43,527
53969,201909,4,4,3,02-09-2019,20:33:31,02-09-2019,20:36:47,196
53969,201909,3,5,5,02-09-2019,12:55:03,02-09-2019,12:59:51,288
53971,201909,4,4,4,02-09-2019,21:01:07,02-09-2019,21:08:54,467
53972,201909,1,3,3,23-09-2019,23:41:38,23-09-2019,23:49:38,480
53973,201909,4,4,3,08-09-2019,11:47:21,08-09-2019,11:54:08,407
53973,201909,1,1,5,02-09-2019,21:57:07,02-09-2019,22:13:10,963
53974,201909,4,4,4,23-09-2019,18:41:31,23-09-2019,18:45:24,233
53975,201909,4,5,5,04-09-2019,11:21:30,04-09-2019,11:26:22,292
53975,201909,1,3,4,13-09-2019,19:53:32,13-09-2019,19:58:18,286
53977,201909,4,5,5,11-09-2019,16:15:39,11-09-2019,16:19:30,231
53981,201909,3,4,5,03-09-2019,09:56:10,03-09-2019,09:57:21,71
53981,201909,3,5,5,11-09-2019,11:29:04,11-09-2019,11:34:44,340
53985,201909,1,1,1,02-09-2019,18:57:04,02-09-2019,19:30:45,2021
53986,201910,4,3,3,29-10-2019,18:17:20,29-10-2019,22:50:47,16407
53988,201910,4,4,4,25-10-2019,14:24:45,25-10-2019,14:34:20,575
53988,201909,4,4,4,02-09-2019,13:04:38,02-09-2019,13:16:54,736
53992,201909,4,4,4,08-09-2019,21:35:04,08-09-2019,21:42:14,430
53992,201909,4,4,3,04-09-2019,16:20:28,04-09-2019,16:35:25,897
53993,201909,5,4,4,16-09-2019,11:09:38,16-09-2019,11:14:23,285
53993,201910,3,4,4,29-10-2019,23:06:39,29-10-2019,23:14:17,458
53995,201909,3,3,3,09-09-2019,11:57:15,09-09-2019,12:06:46,571
53996,201909,4,4,4,07-09-2019,15:01:52,07-09-2019,15:20:37,1125
53999,201909,3,5,5,05-09-2019,19:19:47,05-09-2019,19:45:09,1522
54000,201909,2,2,2,08-09-2019,14:43:22,08-09-2019,17:06:18,8576
54001,201909,4,4,4,02-09-2019,19:31:50,02-09-2019,19:34:58,188
54002,201910,3,3,3,28-10-2019,20:47:05,28-10-2019,20:56:36,571
54004,201909,4,4,4,13-09-2019,14:43:07,13-09-2019,14:46:05,178
54004,201909,5,5,5,07-09-2019,16:44:02,07-09-2019,16:51:46,464
54005,201909,1,5,5,16-09-2019,16:22:22,16-09-2019,16:28:46,384
54005,201909,3,4,4,10-09-2019,13:57:18,10-09-2019,14:00:34,196
54006,201909,1,3,3,18-09-2019,17:35:45,18-09-2019,17:41:44,359
54006,201909,3,3,3,02-09-2019,17:06:52,02-09-2019,17:08:46,114
54008,201909,3,3,3,02-09-2019,14:53:41,02-09-2019,14:56:37,176
54010,201909,4,5,4,02-09-2019,14:00:15,02-09-2019,15:46:04,6349
54011,201909,3,3,3,02-09-2019,17:10:52,02-09-2019,17:19:41,529
54011,201909,4,4,4,18-09-2019,09:55:00,18-09-2019,09:59:46,286
54012,201909,3,3,3,04-09-2019,09:49:38,04-09-2019,09:54:50,312
54012,201909,1,1,5,02-09-2019,15:05:32,02-09-2019,15:15:19,587
54013,201909,2,2,1,02-09-2019,15:05:20,02-09-2019,15:14:46,566
54014,201909,3,4,3,17-09-2019,15:49:04,17-09-2019,16:00:17,673
54014,201909,1,5,5,14-09-2019,11:52:41,14-09-2019,11:58:39,358
54014,201909,4,2,1,03-09-2019,08:30:12,03-09-2019,08:34:34,262
54015,201910,2,3,3,07-10-2019,12:47:23,07-10-2019,12:53:07,344
54019,201909,3,3,3,18-09-2019,15:34:39,18-09-2019,15:36:26,107
54019,201909,3,4,4,04-09-2019,12:10:15,04-09-2019,12:17:10,415
54020,201910,4,4,4,21-10-2019,21:07:17,21-10-2019,21:15:39,502
54023,201909,5,5,5,24-09-2019,20:36:37,24-09-2019,20:44:42,485
54027,201909,5,4,4,22-09-2019,20:49:06,22-09-2019,20:53:10,244
54027,201909,5,5,5,02-09-2019,13:30:26,02-09-2019,13:38:34,488
54030,201909,3,5,5,11-09-2019,21:11:31,11-09-2019,21:14:48,197
54033,201909,4,5,4,02-09-2019,13:45:10,02-09-2019,13:49:48,278
54033,201909,2,2,2,02-09-2019,12:47:38,02-09-2019,12:50:04,146
54033,201909,3,5,5,21-09-2019,10:31:25,21-09-2019,10:34:46,201
54034,201909,1,5,5,23-09-2019,11:15:22,23-09-2019,11:21:24,362
54035,201909,1,3,3,23-09-2019,09:09:47,23-09-2019,09:18:19,512
54037,201909,3,5,5,03-09-2019,12:44:41,03-09-2019,12:49:54,313
54038,201909,3,4,4,02-09-2019,15:31:57,02-09-2019,15:38:26,389
54040,201909,2,5,5,02-09-2019,12:10:07,02-09-2019,12:16:44,397
54042,201909,3,4,4,24-09-2019,16:37:55,24-09-2019,16:45:24,449
54045,201909,4,5,5,19-09-2019,18:01:58,19-09-2019,18:09:48,470
54047,201909,1,1,3,08-09-2019,12:59:56,08-09-2019,13:01:32,96
54050,201909,3,3,3,17-09-2019,16:15:34,17-09-2019,16:26:29,655
54051,201909,4,4,3,07-09-2019,18:37:02,07-09-2019,18:45:45,523
54061,201910,2,4,4,22-10-2019,13:07:44,22-10-2019,13:20:26,762
54061,201909,3,3,3,11-09-2019,17:48:22,11-09-2019,17:49:24,62
54062,201910,3,4,3,27-10-2019,09:28:19,27-10-2019,09:38:31,612
54063,201909,2,3,3,22-09-2019,19:58:03,22-09-2019,20:03:24,321
54064,201909,3,2,2,14-09-2019,16:45:31,14-09-2019,16:48:02,151
54065,201909,3,4,4,03-09-2019,14:58:43,03-09-2019,15:02:38,235
54067,201909,4,3,3,23-09-2019,17:21:42,23-09-2019,17:27:47,365
54068,201909,4,4,4,10-09-2019,13:36:11,10-09-2019,13:39:48,217
54069,201910,3,3,3,10-10-2019,14:40:47,10-10-2019,14:46:01,314
54069,201909,3,3,3,02-09-2019,16:33:30,02-09-2019,16:38:37,307
54070,201909,3,3,3,05-09-2019,14:02:15,05-09-2019,14:04:21,126
54071,201909,2,3,3,23-09-2019,12:31:11,23-09-2019,12:35:57,286
54073,201909,5,5,5,08-09-2019,21:59:49,08-09-2019,22:10:05,616
54073,201909,5,5,5,03-09-2019,17:35:53,03-09-2019,17:39:44,231
54074,201910,3,3,3,21-10-2019,16:06:46,21-10-2019,16:09:47,181
54075,201909,5,4,4,21-09-2019,14:51:48,21-09-2019,15:03:35,707
54076,201909,1,4,4,10-09-2019,16:28:14,10-09-2019,16:32:07,233
54077,201909,5,4,5,06-09-2019,13:46:11,06-09-2019,13:53:45,454
54078,201910,5,5,5,29-10-2019,18:52:29,29-10-2019,18:57:46,317
54079,201909,5,5,5,04-09-2019,17:45:16,04-09-2019,17:52:42,446
54080,201910,2,4,4,12-10-2019,12:52:59,12-10-2019,13:05:59,780
54080,201909,2,5,5,10-09-2019,15:13:10,10-09-2019,15:18:35,325
54081,201909,5,5,5,07-09-2019,12:16:46,07-09-2019,15:18:52,10926
54082,201909,1,5,5,12-09-2019,08:13:08,12-09-2019,08:17:08,240
54084,201909,4,4,4,24-09-2019,09:45:16,24-09-2019,09:55:28,612
54084,201909,1,3,3,16-09-2019,13:05:45,16-09-2019,13:22:32,1007
54086,201909,3,4,4,03-09-2019,21:30:33,03-09-2019,21:39:24,531
54086,201909,4,4,4,11-09-2019,11:25:42,11-09-2019,11:30:01,259
54087,201909,1,3,3,21-09-2019,22:20:11,21-09-2019,22:31:00,649
54087,201909,1,1,1,07-09-2019,18:03:35,07-09-2019,18:05:22,107
54089,201909,3,4,4,22-09-2019,18:51:34,22-09-2019,18:58:07,393
54091,201909,4,5,5,19-09-2019,18:17:59,19-09-2019,18:23:34,335
54092,201909,3,3,3,02-09-2019,14:01:19,02-09-2019,14:09:18,479
54092,201909,4,5,5,03-09-2019,15:58:52,03-09-2019,16:05:21,389
54092,201910,1,5,5,22-10-2019,10:33:59,22-10-2019,10:39:03,304
54093,201909,3,5,5,17-09-2019,15:54:36,17-09-2019,15:59:09,273
54094,201909,1,5,5,02-09-2019,17:44:56,02-09-2019,17:46:47,111
54096,201910,3,3,2,23-10-2019,00:53:24,23-10-2019,01:05:16,712
54096,201909,5,5,5,03-09-2019,19:41:11,03-09-2019,19:46:16,305
54097,201910,4,4,3,28-10-2019,20:03:00,28-10-2019,20:12:55,595
54100,201909,3,3,3,18-09-2019,13:58:52,18-09-2019,14:01:32,160
54101,201909,3,2,2,24-09-2019,16:58:12,24-09-2019,17:13:17,905
54102,201909,3,3,3,10-09-2019,08:05:07,10-09-2019,08:09:27,260
54102,201910,3,4,3,23-10-2019,17:15:12,23-10-2019,17:18:27,195
54104,201909,2,3,4,23-09-2019,17:10:04,23-09-2019,17:15:22,318
54105,201909,5,5,5,24-09-2019,14:27:37,24-09-2019,14:36:12,515
54106,201909,2,3,3,03-09-2019,12:53:33,03-09-2019,13:00:43,430
54106,201909,4,5,3,21-09-2019,14:10:55,21-09-2019,14:24:26,811
54107,201909,3,4,4,02-09-2019,18:26:47,02-09-2019,18:34:51,484
54107,201909,1,3,3,19-09-2019,09:59:46,19-09-2019,10:08:16,510
54107,201909,2,3,2,04-09-2019,21:09:59,04-09-2019,21:21:20,681
54108,201909,3,3,3,22-09-2019,13:44:14,22-09-2019,13:55:05,651
54110,201909,3,3,3,24-09-2019,22:37:43,24-09-2019,22:43:22,339
54112,201909,4,4,4,11-09-2019,11:03:58,11-09-2019,11:09:15,317
54115,201909,4,4,4,22-09-2019,16:18:44,22-09-2019,17:07:56,2952
54116,201909,2,2,2,07-09-2019,13:40:00,07-09-2019,13:48:02,482
54116,201909,4,4,5,17-09-2019,14:09:23,17-09-2019,14:13:45,262
54117,201909,4,4,4,04-09-2019,16:23:39,08-09-2019,15:48:37,343498
54118,201909,2,4,1,24-09-2019,09:09:27,24-09-2019,09:21:51,744
54118,201909,2,3,3,23-09-2019,09:12:34,23-09-2019,09:18:34,360
54120,201909,4,5,5,19-09-2019,10:29:56,19-09-2019,10:41:30,694
54120,201909,4,4,5,02-09-2019,17:13:35,02-09-2019,17:20:52,437
54125,201909,4,5,5,15-09-2019,07:51:01,15-09-2019,08:00:29,568
54125,201909,3,5,5,03-09-2019,10:20:55,03-09-2019,10:22:39,104
54125,201909,4,4,5,02-09-2019,12:22:44,02-09-2019,12:25:03,139
54126,201909,5,5,5,24-09-2019,09:00:45,24-09-2019,09:04:28,223
54130,201909,1,5,5,11-09-2019,09:48:18,11-09-2019,09:55:30,432
54132,201909,4,4,5,08-09-2019,14:38:40,08-09-2019,14:41:57,197
54133,201909,2,5,5,07-09-2019,15:22:05,07-09-2019,15:26:34,269
54134,201909,3,5,5,08-09-2019,19:13:38,08-09-2019,19:21:56,498
54134,201909,3,5,5,03-09-2019,08:50:20,03-09-2019,08:56:18,358
54135,201909,3,3,3,11-09-2019,11:55:10,11-09-2019,12:02:01,411
54136,201909,3,3,3,03-09-2019,09:57:57,03-09-2019,10:03:20,323
54137,201909,1,5,5,18-09-2019,17:36:24,18-09-2019,17:41:44,320
54138,201909,1,4,5,07-09-2019,14:21:15,07-09-2019,14:24:21,186
54140,201909,4,4,4,18-09-2019,16:10:32,18-09-2019,16:12:45,133
54142,201909,3,3,3,22-09-2019,00:21:54,22-09-2019,00:23:27,93
54144,201909,1,3,3,06-09-2019,17:22:01,06-09-2019,17:28:27,386
54145,201909,2,3,3,02-09-2019,22:53:20,02-09-2019,22:58:29,309
54145,201909,5,5,5,02-09-2019,14:14:36,02-09-2019,14:30:41,965
54145,201909,2,4,4,21-09-2019,14:59:41,21-09-2019,15:03:02,201
54145,201909,4,5,4,14-09-2019,11:20:03,14-09-2019,11:23:36,213
54146,201909,5,5,5,14-09-2019,20:44:52,14-09-2019,20:53:59,547
54149,201909,3,3,3,02-09-2019,17:37:51,02-09-2019,17:42:54,303
54150,201909,5,5,5,02-09-2019,13:23:58,02-09-2019,13:26:30,152
54151,201909,3,3,3,03-09-2019,21:23:41,03-09-2019,21:28:37,296
54151,201909,3,3,3,23-09-2019,16:05:35,23-09-2019,16:12:42,427
54153,201909,1,3,3,19-09-2019,15:52:12,19-09-2019,15:57:54,342
54154,201909,5,5,5,08-09-2019,12:59:34,08-09-2019,13:02:20,166
54158,201909,2,3,3,20-09-2019,09:18:39,20-09-2019,09:21:12,153
54160,201909,3,3,3,16-09-2019,21:44:27,16-09-2019,21:58:57,870
54160,201909,5,5,5,23-09-2019,19:19:55,23-09-2019,19:32:44,769
54161,201909,1,5,5,23-09-2019,21:50:21,23-09-2019,21:54:49,268
54164,201909,1,3,2,20-09-2019,15:38:30,20-09-2019,15:55:17,1007
54165,201909,3,4,4,22-09-2019,22:52:22,22-09-2019,22:54:54,152
54165,201910,4,4,4,27-10-2019,15:57:33,27-10-2019,16:01:02,209
54165,201909,2,3,3,23-09-2019,14:30:07,23-09-2019,14:34:11,244
54167,201910,1,5,5,17-10-2019,11:03:33,17-10-2019,11:10:13,400
54168,201909,1,5,5,04-09-2019,19:34:01,04-09-2019,19:38:24,263
54168,201909,3,3,4,03-09-2019,18:57:02,03-09-2019,19:03:40,398
54169,201909,4,4,4,16-09-2019,19:38:40,16-09-2019,19:44:10,330
54169,201910,4,4,3,23-10-2019,21:45:15,23-10-2019,22:14:38,1763
54170,201910,4,4,4,27-10-2019,16:32:13,27-10-2019,16:51:45,1172
54172,201910,3,3,3,29-10-2019,21:59:23,29-10-2019,22:13:51,868
54172,201909,5,5,5,14-09-2019,00:44:06,14-09-2019,01:28:31,2665
54173,201909,4,3,3,22-09-2019,20:38:51,22-09-2019,20:48:54,603
54174,201909,3,5,5,18-09-2019,18:18:57,18-09-2019,18:32:02,785
54175,201909,4,4,5,10-09-2019,19:23:38,10-09-2019,19:48:57,1519
54175,201909,3,3,3,09-09-2019,22:03:34,09-09-2019,22:04:48,74
54176,201909,4,4,5,05-09-2019,18:22:18,05-09-2019,18:29:25,427
54177,201909,5,5,5,24-09-2019,23:24:11,24-09-2019,23:34:56,645
54180,201909,2,4,4,03-09-2019,12:36:16,03-09-2019,12:42:06,350
54182,201909,4,4,4,02-09-2019,13:40:00,02-09-2019,13:45:12,312
54184,201909,3,5,5,08-09-2019,10:07:00,08-09-2019,10:11:02,242
54186,201909,3,3,3,23-09-2019,14:34:00,23-09-2019,14:40:02,362
54186,201909,3,3,3,17-09-2019,08:14:26,17-09-2019,08:17:40,194
54187,201910,3,3,3,25-10-2019,11:18:36,25-10-2019,11:28:28,592
54188,201909,3,3,3,09-09-2019,13:28:23,09-09-2019,13:42:47,864
54189,201910,3,2,3,29-10-2019,17:50:13,29-10-2019,17:57:54,461
54191,201909,4,5,5,02-09-2019,17:30:56,02-09-2019,17:35:20,264
54191,201909,3,3,3,16-09-2019,11:07:03,16-09-2019,11:13:14,371
54192,201909,3,3,3,16-09-2019,14:14:08,16-09-2019,14:25:53,705
54193,201909,4,3,5,03-09-2019,18:05:44,03-09-2019,18:11:14,330
54193,201909,1,5,5,02-09-2019,14:35:16,02-09-2019,14:39:33,257
54204,201910,3,4,4,12-10-2019,15:53:42,12-10-2019,15:59:03,321
54206,201909,3,3,4,16-09-2019,22:07:38,16-09-2019,22:15:16,458
54207,201909,4,4,3,04-09-2019,10:07:48,04-09-2019,10:13:49,361
54210,201909,4,3,3,02-09-2019,14:08:48,02-09-2019,14:16:54,486
54210,201909,1,3,3,03-09-2019,12:22:46,03-09-2019,12:27:45,299
54212,201909,5,5,5,02-09-2019,16:52:12,02-09-2019,16:58:35,383
54213,201909,4,4,4,04-09-2019,22:31:16,04-09-2019,22:36:23,307
54214,201909,4,4,4,03-09-2019,14:29:51,03-09-2019,14:33:45,234
54216,201909,1,5,5,20-09-2019,13:23:24,20-09-2019,13:37:44,860
54217,201909,3,4,4,10-09-2019,14:22:23,10-09-2019,14:30:19,476
54218,201909,3,3,3,16-09-2019,20:53:20,16-09-2019,21:02:19,539
54219,201909,3,3,3,02-09-2019,17:03:05,02-09-2019,17:05:00,115
54220,201909,4,3,2,16-09-2019,13:08:45,16-09-2019,13:15:30,405
54223,201909,2,3,3,09-09-2019,12:43:04,09-09-2019,12:57:25,861
54224,201909,1,3,3,16-09-2019,23:40:26,16-09-2019,23:48:18,472
54225,201909,4,5,5,03-09-2019,09:03:23,03-09-2019,09:07:52,269
54226,201909,5,5,5,12-09-2019,14:55:39,12-09-2019,15:04:59,560
54227,201909,1,5,5,04-09-2019,20:46:35,04-09-2019,20:55:00,505
54227,201909,5,5,5,16-09-2019,19:28:45,16-09-2019,19:34:14,329
54229,201909,3,3,3,23-09-2019,18:30:58,23-09-2019,18:35:13,255
54230,201909,4,4,3,17-09-2019,13:58:44,17-09-2019,14:05:41,417
54230,201909,3,3,3,03-09-2019,14:08:13,03-09-2019,14:16:52,519
54230,201909,3,5,5,17-09-2019,15:29:36,17-09-2019,15:45:52,976
54231,201910,3,3,3,28-10-2019,12:28:09,28-10-2019,12:29:10,61
54232,201909,5,4,4,15-09-2019,18:07:47,15-09-2019,18:16:19,512
54233,201909,4,4,3,16-09-2019,16:48:58,16-09-2019,16:52:59,241
54235,201910,4,5,5,22-10-2019,18:58:04,22-10-2019,19:06:26,502
54236,201909,2,3,3,03-09-2019,13:28:55,03-09-2019,13:36:58,483
54238,201910,3,5,5,14-10-2019,15:36:32,14-10-2019,15:47:38,666
54240,201909,3,3,4,06-09-2019,21:22:55,06-09-2019,21:26:35,220
54242,201909,5,5,5,11-09-2019,13:05:40,11-09-2019,13:13:49,489
54243,201909,2,3,3,05-09-2019,09:13:28,05-09-2019,09:24:05,637
54245,201909,5,5,5,20-09-2019,13:02:21,20-09-2019,13:11:08,527
54246,201909,4,4,4,23-09-2019,15:40:49,23-09-2019,15:54:18,809
54247,201909,2,2,2,23-09-2019,20:29:47,23-09-2019,20:37:55,488
54247,201909,5,5,5,21-09-2019,17:12:16,21-09-2019,17:18:08,352
54248,201909,1,3,3,07-09-2019,12:11:11,07-09-2019,12:18:51,460
54248,201909,1,5,5,10-09-2019,16:18:01,10-09-2019,16:22:17,256
54248,201909,1,3,3,23-09-2019,20:49:39,23-09-2019,20:58:18,519
54249,201909,4,5,5,24-09-2019,02:22:53,24-09-2019,02:25:46,173
54251,201909,3,3,3,02-09-2019,22:26:27,02-09-2019,22:38:04,697
54251,201910,4,4,4,23-10-2019,18:39:42,23-10-2019,18:51:07,685
54251,201909,3,3,3,23-09-2019,18:33:59,23-09-2019,18:57:41,1422
54252,201909,5,1,1,16-09-2019,22:52:18,16-09-2019,22:57:35,317
54254,201909,3,4,3,24-09-2019,19:59:19,24-09-2019,20:02:09,170
54255,201909,4,5,5,06-09-2019,18:36:21,06-09-2019,18:41:40,319
54257,201909,5,5,5,09-09-2019,11:25:23,09-09-2019,11:28:01,158
54257,201909,3,3,3,21-09-2019,19:56:37,21-09-2019,20:07:16,639
54258,201910,4,4,4,29-10-2019,23:13:54,29-10-2019,23:28:24,870
54259,201910,5,5,5,24-10-2019,21:23:49,24-10-2019,21:30:18,389
54259,201909,5,5,5,03-09-2019,19:33:02,03-09-2019,19:37:53,291
54260,201909,3,1,3,17-09-2019,16:45:25,17-09-2019,16:54:52,567
54261,201909,1,5,5,03-09-2019,15:56:25,03-09-2019,15:59:19,174
54263,201909,2,3,3,02-09-2019,19:15:13,02-09-2019,19:19:47,274
54266,201910,1,1,1,18-10-2019,20:10:09,18-10-2019,20:13:38,209
54266,201909,3,3,3,15-09-2019,01:09:20,15-09-2019,01:28:37,1157
54266,201909,5,5,5,19-09-2019,09:54:14,19-09-2019,09:55:04,50
54267,201909,3,3,3,02-09-2019,21:13:21,02-09-2019,21:16:15,174
54267,201910,3,4,4,22-10-2019,13:23:32,22-10-2019,13:31:51,499
54267,201909,3,3,3,04-09-2019,11:58:00,04-09-2019,12:04:42,402
54268,201909,5,4,5,13-09-2019,18:27:58,13-09-2019,18:33:43,345
54270,201909,3,3,3,09-09-2019,09:58:59,09-09-2019,10:06:55,476
54273,201909,5,5,5,02-09-2019,14:52:17,02-09-2019,15:00:29,492
54274,201910,3,5,5,07-10-2019,21:45:17,07-10-2019,21:54:34,557
54276,201909,3,4,5,02-09-2019,16:36:38,02-09-2019,16:42:47,369
54278,201909,3,3,3,18-09-2019,20:46:40,18-09-2019,20:54:18,458
54280,201909,5,5,5,02-09-2019,14:46:58,02-09-2019,14:52:13,315
54281,201909,2,3,4,02-09-2019,14:31:43,02-09-2019,14:33:25,102
54281,201910,4,4,4,28-10-2019,11:17:59,28-10-2019,11:24:51,412
54283,201910,1,3,3,21-10-2019,19:11:27,21-10-2019,19:17:44,377
54286,201909,4,4,4,02-09-2019,15:27:27,02-09-2019,15:37:34,607
54288,201909,3,3,3,09-09-2019,15:56:13,09-09-2019,16:01:00,287
54289,201909,3,3,3,03-09-2019,01:33:18,03-09-2019,01:41:55,517
54289,201909,3,3,2,21-09-2019,14:55:21,21-09-2019,14:58:34,193
54291,201909,3,3,3,13-09-2019,12:21:29,13-09-2019,12:23:27,118
54291,201909,3,3,3,03-09-2019,17:27:18,03-09-2019,17:31:28,250
54292,201909,4,4,4,10-09-2019,17:32:14,10-09-2019,17:37:07,293
54293,201909,5,5,5,05-09-2019,20:58:38,05-09-2019,21:06:40,482
54294,201909,2,2,2,23-09-2019,13:08:38,23-09-2019,13:13:33,295
54295,201909,1,5,5,18-09-2019,13:04:16,18-09-2019,13:07:28,192
54297,201910,3,5,5,23-10-2019,11:20:32,23-10-2019,11:40:34,1202
54297,201909,5,5,4,23-09-2019,20:42:29,23-09-2019,20:47:48,319
54299,201910,5,5,5,21-10-2019,20:39:33,21-10-2019,20:58:48,1155
54299,201909,3,4,3,06-09-2019,11:37:35,06-09-2019,11:49:47,732
54300,201909,1,3,5,03-09-2019,10:33:25,03-09-2019,10:37:38,253
54302,201909,1,4,5,16-09-2019,15:28:39,16-09-2019,15:41:17,758
54303,201909,1,3,3,24-09-2019,23:51:13,24-09-2019,23:59:42,509
54307,201909,3,3,3,23-09-2019,08:47:27,23-09-2019,08:56:23,536
54309,201909,3,3,4,03-09-2019,12:48:01,03-09-2019,12:49:49,108
54310,201909,1,3,3,04-09-2019,13:23:39,04-09-2019,13:49:17,1538
54310,201909,5,5,5,23-09-2019,21:00:32,23-09-2019,21:18:32,1080
54311,201909,5,5,5,05-09-2019,01:01:49,05-09-2019,01:04:30,161
54315,201909,4,4,3,08-09-2019,20:39:05,08-09-2019,20:44:31,326
54316,201909,4,3,2,08-09-2019,21:19:33,08-09-2019,21:29:10,577
54316,201909,3,3,3,24-09-2019,16:04:44,24-09-2019,16:10:32,348
54322,201909,3,3,2,02-09-2019,19:04:05,02-09-2019,19:17:03,778
54323,201909,3,3,4,22-09-2019,17:59:08,22-09-2019,18:00:08,60
54325,201909,3,3,3,16-09-2019,15:12:55,16-09-2019,15:25:40,765
54325,201909,3,3,3,05-09-2019,11:07:35,05-09-2019,11:13:21,346
54328,201909,3,4,4,03-09-2019,11:10:27,03-09-2019,11:20:38,611
54330,201909,3,1,1,24-09-2019,21:25:30,24-09-2019,21:27:55,145
54330,201909,3,4,4,02-09-2019,18:58:22,02-09-2019,19:02:39,257
54330,201909,3,3,3,21-09-2019,16:59:07,21-09-2019,17:03:52,285
54330,201909,1,5,5,06-09-2019,12:37:51,06-09-2019,12:42:24,273
54332,201909,3,5,5,09-09-2019,17:13:24,09-09-2019,17:24:13,649
54333,201909,2,5,5,24-09-2019,12:11:00,24-09-2019,12:18:59,479
54335,201910,1,1,4,13-10-2019,20:50:29,13-10-2019,21:04:02,813
54338,201909,3,2,2,03-09-2019,09:59:08,03-09-2019,10:02:40,212
54339,201909,2,3,3,03-09-2019,11:43:16,03-09-2019,11:49:06,350
54339,201909,3,3,3,22-09-2019,10:09:28,22-09-2019,10:33:55,1467
54340,201909,4,4,4,10-09-2019,13:23:11,10-09-2019,13:26:39,208
54342,201909,4,4,4,10-09-2019,10:57:22,10-09-2019,11:00:33,191
54342,201909,5,5,5,15-09-2019,19:13:00,15-09-2019,19:20:53,473
54344,201909,3,3,5,03-09-2019,15:56:09,03-09-2019,16:14:04,1075
54345,201909,2,4,3,03-09-2019,20:13:18,03-09-2019,20:21:58,520
54345,201909,5,5,4,02-09-2019,17:07:40,02-09-2019,17:13:27,347
54347,201909,5,4,4,03-09-2019,14:44:21,03-09-2019,14:49:17,296
54348,201909,3,3,3,20-09-2019,18:41:44,20-09-2019,18:47:08,324
54348,201909,3,3,3,02-09-2019,13:00:59,02-09-2019,13:11:50,651
54350,201909,3,4,4,19-09-2019,14:11:55,19-09-2019,14:18:08,373
54350,201909,5,5,5,03-09-2019,21:59:07,04-09-2019,13:50:00,57053
54350,201909,2,5,5,23-09-2019,13:38:42,23-09-2019,13:52:29,827
54351,201909,3,4,4,02-09-2019,18:59:51,02-09-2019,19:02:05,134
54352,201910,3,3,3,22-10-2019,20:49:31,22-10-2019,20:53:40,249
54357,201909,4,3,4,02-09-2019,18:31:58,02-09-2019,18:36:37,279
54357,201909,2,3,4,03-09-2019,13:23:21,03-09-2019,13:26:48,207
54358,201909,3,4,5,09-09-2019,17:16:56,09-09-2019,17:23:23,387
54359,201910,2,4,3,14-10-2019,11:27:23,14-10-2019,11:35:21,478
54360,201910,4,5,3,29-10-2019,14:57:32,29-10-2019,15:02:18,286
54360,201909,3,4,4,02-09-2019,20:04:23,02-09-2019,20:11:52,449
54360,201909,3,3,3,24-09-2019,15:34:13,24-09-2019,15:39:05,292
54361,201909,5,5,3,11-09-2019,23:01:46,11-09-2019,23:06:02,256
54361,201909,4,5,5,14-09-2019,12:51:44,14-09-2019,12:57:23,339
54363,201909,5,4,4,24-09-2019,16:40:19,24-09-2019,16:46:11,352
54363,201909,3,4,4,16-09-2019,13:14:08,16-09-2019,13:17:27,199
54364,201909,3,3,3,23-09-2019,17:14:35,23-09-2019,17:16:20,105
54365,201909,4,5,5,16-09-2019,15:04:10,16-09-2019,15:12:16,486
54365,201909,4,4,3,16-09-2019,20:38:20,16-09-2019,21:20:13,2513
54366,201909,3,3,3,08-09-2019,11:23:24,08-09-2019,11:25:48,144
54366,201909,3,5,5,20-09-2019,10:31:05,20-09-2019,10:36:39,334
54369,201909,1,1,5,19-09-2019,12:29:31,19-09-2019,12:33:00,209
54371,201909,2,3,2,16-09-2019,15:32:34,16-09-2019,15:40:17,463
54372,201910,3,4,4,08-10-2019,12:44:55,15-10-2019,10:36:11,597076
54375,201909,3,3,3,17-09-2019,14:45:26,17-09-2019,14:51:02,336
54376,201909,4,5,5,04-09-2019,19:38:42,04-09-2019,20:18:07,2365
54376,201909,5,5,5,16-09-2019,08:38:05,16-09-2019,08:40:30,145
54376,201909,4,4,4,07-09-2019,14:17:31,07-09-2019,14:21:36,245
54380,201909,3,4,4,03-09-2019,08:35:14,03-09-2019,08:40:56,342
54380,201909,4,5,5,14-09-2019,21:40:18,14-09-2019,21:47:38,440
54385,201909,2,3,4,05-09-2019,11:30:44,05-09-2019,11:36:59,375
54386,201909,4,5,5,05-09-2019,10:37:53,05-09-2019,10:44:07,374
54388,201909,5,5,5,08-09-2019,15:31:16,08-09-2019,15:43:36,740
54388,201909,3,4,4,16-09-2019,13:29:23,16-09-2019,14:07:28,2285
54388,201909,3,4,4,03-09-2019,09:54:15,03-09-2019,09:57:11,176
54390,201909,3,3,3,21-09-2019,16:55:46,21-09-2019,17:00:52,306
54391,201909,5,4,4,23-09-2019,17:46:15,23-09-2019,17:53:48,453
54392,201909,2,4,4,02-09-2019,17:00:14,02-09-2019,17:05:47,333
54393,201909,1,5,5,23-09-2019,13:44:28,23-09-2019,13:48:08,220
54394,201909,3,5,5,03-09-2019,12:17:42,03-09-2019,12:24:40,418
54395,201909,5,5,5,22-09-2019,17:31:51,22-09-2019,17:37:19,328
54397,201909,5,5,5,17-09-2019,13:15:35,17-09-2019,13:19:26,231
54399,201909,2,3,3,02-09-2019,20:57:25,02-09-2019,21:01:01,216
54399,201909,5,5,5,02-09-2019,12:39:47,02-09-2019,12:44:19,272
54399,201910,4,4,3,09-10-2019,08:44:26,09-10-2019,08:54:55,629
54400,201909,1,3,4,07-09-2019,00:28:16,07-09-2019,00:31:57,221
54401,201909,3,4,4,08-09-2019,17:57:29,08-09-2019,18:04:17,408
54402,201909,5,5,4,22-09-2019,16:57:22,22-09-2019,17:03:51,389
54403,201909,3,2,2,18-09-2019,14:42:28,18-09-2019,14:49:05,397
54403,201909,4,4,4,22-09-2019,19:19:05,22-09-2019,19:29:19,614
54404,201909,4,3,2,05-09-2019,00:53:53,05-09-2019,00:59:39,346
54404,201909,5,5,5,18-09-2019,14:37:02,18-09-2019,14:42:28,326
54406,201909,3,4,3,24-09-2019,21:32:45,24-09-2019,21:40:34,469
54407,201909,1,5,5,23-09-2019,16:07:00,23-09-2019,16:10:13,193
54407,201909,1,4,5,02-09-2019,19:17:47,02-09-2019,19:22:08,261
54408,201909,2,2,2,03-09-2019,16:33:49,03-09-2019,16:37:15,206
54409,201909,2,3,3,24-09-2019,20:36:23,24-09-2019,20:43:39,436
54410,201909,5,5,5,10-09-2019,14:14:43,10-09-2019,14:17:21,158
54412,201909,3,3,3,02-09-2019,14:36:42,02-09-2019,14:40:37,235
54414,201909,5,5,4,02-09-2019,15:40:18,02-09-2019,15:46:12,354
54415,201910,4,4,4,08-10-2019,19:54:10,08-10-2019,19:57:42,212
54416,201909,5,5,5,19-09-2019,19:49:00,19-09-2019,19:50:37,97
54416,201909,3,4,4,23-09-2019,17:51:19,23-09-2019,17:56:09,290
54417,201910,5,5,5,22-10-2019,22:33:04,22-10-2019,22:37:30,266
54417,201909,3,4,5,21-09-2019,14:51:57,21-09-2019,14:55:50,233
54417,201909,4,4,3,06-09-2019,10:53:08,06-09-2019,10:57:28,260
54419,201909,2,2,2,22-09-2019,21:54:19,22-09-2019,21:58:20,241
54421,201909,1,1,5,21-09-2019,14:27:01,21-09-2019,14:32:04,303
54421,201909,3,3,3,02-09-2019,14:39:08,02-09-2019,14:44:15,307
54422,201909,5,5,5,02-09-2019,12:48:39,02-09-2019,12:56:07,448
54422,201909,4,4,4,02-09-2019,13:13:05,02-09-2019,13:18:20,315
54422,201909,5,5,5,12-09-2019,15:44:17,12-09-2019,15:49:03,286
54425,201909,3,3,3,24-09-2019,14:14:16,24-09-2019,14:22:13,477
54425,201909,3,3,3,24-09-2019,21:21:50,24-09-2019,21:26:01,251
54426,201909,2,4,4,06-09-2019,15:19:22,06-09-2019,15:25:41,379
54427,201909,3,5,4,16-09-2019,19:51:58,16-09-2019,20:00:05,487
54427,201909,4,4,4,02-09-2019,19:42:07,02-09-2019,19:50:58,531
54430,201909,2,4,4,06-09-2019,15:44:20,06-09-2019,15:49:49,329
54431,201909,4,5,5,18-09-2019,10:28:42,18-09-2019,10:40:04,682
54432,201909,1,5,5,03-09-2019,09:42:06,03-09-2019,09:44:59,173
54435,201909,5,5,5,04-09-2019,15:15:09,04-09-2019,15:17:40,151
54436,201909,3,4,4,16-09-2019,17:45:02,16-09-2019,17:49:22,260
54436,201909,4,4,3,06-09-2019,20:26:35,06-09-2019,20:33:39,424
54439,201909,3,3,2,07-09-2019,17:29:29,07-09-2019,17:31:53,144
54439,201909,4,4,4,11-09-2019,20:38:48,11-09-2019,20:46:49,481
54440,201909,4,4,4,23-09-2019,21:11:04,23-09-2019,21:18:42,458
54441,201909,5,5,5,05-09-2019,15:33:15,05-09-2019,15:37:31,256
54442,201909,4,4,4,18-09-2019,15:38:05,18-09-2019,15:41:23,198
54443,201909,3,4,4,02-09-2019,17:15:36,02-09-2019,17:20:23,287
54444,201909,4,4,5,22-09-2019,13:20:24,22-09-2019,13:26:00,336
54445,201909,4,4,4,17-09-2019,09:42:32,17-09-2019,09:47:38,306
54445,201910,2,4,5,07-10-2019,20:33:02,07-10-2019,20:51:55,1133
54447,201909,4,3,4,02-09-2019,12:46:27,02-09-2019,12:56:19,592
54448,201909,3,4,4,08-09-2019,11:31:57,08-09-2019,11:37:27,330
54448,201909,4,4,4,23-09-2019,17:28:05,23-09-2019,19:44:31,8186
54450,201909,4,5,5,24-09-2019,21:55:47,24-09-2019,22:02:31,404
54450,201909,1,4,5,17-09-2019,18:33:22,17-09-2019,18:38:59,337
54451,201910,3,3,3,07-10-2019,15:10:54,07-10-2019,15:16:17,323
54452,201909,5,5,5,16-09-2019,00:16:28,15-10-2019,17:15:14,2566726
54456,201909,5,4,4,02-09-2019,21:37:56,02-09-2019,21:43:16,320
54456,201909,2,3,3,02-09-2019,15:00:24,02-09-2019,15:06:36,372
54456,201909,1,3,3,02-09-2019,14:52:37,02-09-2019,14:55:29,172
54458,201909,5,5,5,14-09-2019,17:58:48,14-09-2019,18:04:28,340
54458,201909,3,3,3,24-09-2019,09:51:57,24-09-2019,09:58:12,375
54458,201910,2,4,5,08-10-2019,16:48:19,08-10-2019,16:54:03,344
54460,201909,1,1,1,05-09-2019,15:51:52,05-09-2019,15:56:12,260
54462,201909,1,1,5,08-09-2019,14:28:12,08-09-2019,14:36:12,480
54463,201909,5,5,5,08-09-2019,15:53:46,08-09-2019,16:59:32,3946
54463,201909,2,3,3,08-09-2019,12:07:08,08-09-2019,12:10:12,184
54465,201909,5,4,4,03-09-2019,11:41:50,03-09-2019,11:48:30,400
54467,201909,5,5,5,23-09-2019,10:20:18,23-09-2019,10:33:31,793
54467,201909,5,5,5,23-09-2019,20:26:45,23-09-2019,20:31:46,301
54468,201909,1,1,1,02-09-2019,17:46:24,02-09-2019,17:58:12,708
54468,201909,4,4,3,02-09-2019,13:07:41,02-09-2019,13:13:02,321
54468,201909,5,5,5,02-09-2019,14:12:25,02-09-2019,14:19:51,446
54469,201909,3,3,3,02-09-2019,16:52:02,02-09-2019,16:55:39,217
54471,201909,2,2,2,19-09-2019,16:17:23,19-09-2019,16:23:13,350
54471,201910,3,3,3,14-10-2019,09:09:00,14-10-2019,09:16:16,436
54471,201909,4,4,4,05-09-2019,06:47:08,05-09-2019,06:58:07,659
54472,201909,1,3,5,03-09-2019,15:55:17,03-09-2019,15:59:53,276
54473,201909,3,4,5,07-09-2019,22:06:23,07-09-2019,22:09:45,202
54475,201909,3,3,3,24-09-2019,15:40:00,24-09-2019,15:44:50,290
54477,201909,3,5,5,20-09-2019,21:55:51,20-09-2019,22:06:36,645
54477,201909,5,5,5,12-09-2019,15:40:16,12-09-2019,15:42:56,160
54477,201909,3,3,3,16-09-2019,15:50:28,16-09-2019,15:54:59,271
54479,201909,2,3,3,02-09-2019,12:44:29,02-09-2019,12:45:46,77
54486,201909,2,3,3,22-09-2019,17:14:55,22-09-2019,17:20:22,327
54486,201909,3,5,5,02-09-2019,18:06:59,02-09-2019,18:12:56,357
54491,201909,2,2,3,04-09-2019,10:14:16,04-09-2019,10:28:44,868
54492,201909,5,5,5,02-09-2019,17:58:44,02-09-2019,18:05:48,424
54493,201909,4,4,4,07-09-2019,16:11:42,07-09-2019,16:36:08,1466
54494,201909,2,3,3,20-09-2019,09:09:44,20-09-2019,09:13:33,229
54494,201909,3,3,3,02-09-2019,20:59:55,02-09-2019,21:04:10,255
54494,201909,1,3,4,23-09-2019,11:06:59,23-09-2019,11:11:24,265
54496,201909,4,4,4,04-09-2019,16:41:18,04-09-2019,16:47:48,390
54499,201910,2,5,4,13-10-2019,20:22:31,13-10-2019,20:50:35,1684
54502,201909,3,3,4,21-09-2019,14:56:50,21-09-2019,15:03:29,399
54503,201909,5,5,5,16-09-2019,20:49:36,16-09-2019,20:54:01,265
54504,201909,4,4,5,24-09-2019,21:42:23,28-10-2019,07:43:30,2887267
54508,201909,1,2,3,22-09-2019,13:12:04,22-09-2019,13:13:13,69
54510,201909,4,5,4,11-09-2019,16:23:09,11-09-2019,16:35:45,756
54511,201909,3,4,5,22-09-2019,09:16:47,22-09-2019,09:17:56,69
54512,201909,5,5,5,02-09-2019,23:19:54,02-09-2019,23:23:37,223
54513,201909,4,4,3,06-09-2019,01:54:51,06-09-2019,01:59:40,289
54515,201909,1,2,3,17-09-2019,21:30:57,17-09-2019,21:36:01,304
54516,201909,4,4,4,04-09-2019,17:55:05,04-09-2019,18:00:54,349
54520,201909,5,5,5,23-09-2019,20:44:54,23-09-2019,20:50:52,358
54520,201909,4,4,4,02-09-2019,18:33:49,02-09-2019,18:39:13,324
54523,201909,2,5,5,03-09-2019,21:11:23,03-09-2019,21:28:03,1000
54523,201909,1,3,4,24-09-2019,11:23:53,24-09-2019,11:26:44,171
54525,201909,5,5,4,16-09-2019,19:27:22,16-09-2019,19:36:35,553
54526,201909,5,5,5,23-09-2019,21:43:31,23-09-2019,21:50:40,429
54526,201909,2,3,4,14-09-2019,18:33:11,14-09-2019,18:37:30,259
54526,201909,5,5,5,24-09-2019,21:32:27,24-09-2019,21:35:14,167
54527,201909,4,4,4,06-09-2019,19:50:22,06-09-2019,19:54:05,223
54527,201909,2,2,4,03-09-2019,14:40:01,03-09-2019,14:43:21,200
54529,201909,3,3,3,23-09-2019,20:47:44,23-09-2019,20:49:51,127
54532,201909,3,4,4,16-09-2019,18:47:37,16-09-2019,18:50:24,167
54533,201909,3,3,3,24-09-2019,19:31:56,24-09-2019,19:36:30,274
54535,201910,3,3,3,28-10-2019,08:59:39,28-10-2019,09:03:09,210
54535,201909,2,3,3,22-09-2019,15:04:04,22-09-2019,15:09:23,319
54535,201909,2,3,4,02-09-2019,14:19:55,02-09-2019,14:23:06,191
54537,201909,1,2,3,02-09-2019,16:04:24,02-09-2019,16:14:12,588
54537,201909,3,4,3,04-09-2019,11:01:08,04-09-2019,11:04:58,230
54539,201909,3,3,3,11-09-2019,16:11:53,11-09-2019,16:21:18,565
54541,201909,3,2,2,05-09-2019,22:56:14,05-09-2019,23:00:23,249
54541,201909,1,3,4,03-09-2019,13:00:57,03-09-2019,13:04:59,242
54543,201909,2,2,3,04-09-2019,05:43:47,04-09-2019,05:46:42,175
54545,201909,3,3,3,24-09-2019,12:13:19,24-09-2019,12:16:47,208
54545,201909,4,4,4,08-09-2019,21:42:47,08-09-2019,21:51:37,530
54546,201909,3,5,5,07-09-2019,13:52:07,07-09-2019,13:58:05,358
54549,201909,5,5,5,16-09-2019,15:55:02,16-09-2019,15:59:53,291
54549,201910,5,5,5,23-10-2019,18:49:25,23-10-2019,18:56:10,405
54551,201909,4,4,3,16-09-2019,11:08:13,16-09-2019,11:13:30,317
54552,201910,3,4,3,25-10-2019,23:10:56,25-10-2019,23:12:39,103
54553,201909,3,3,4,24-09-2019,13:48:03,24-09-2019,13:51:26,203
54556,201909,5,5,5,21-09-2019,20:02:46,21-09-2019,20:50:40,2874
54557,201909,5,4,4,02-09-2019,14:12:01,02-09-2019,15:03:01,3060
54558,201909,4,5,3,16-09-2019,22:44:24,16-09-2019,22:59:27,903
54563,201909,1,3,3,16-09-2019,19:17:07,16-09-2019,19:23:24,377
54563,201909,3,3,3,22-09-2019,10:51:34,22-09-2019,10:59:17,463
54565,201909,2,3,3,17-09-2019,10:50:48,17-09-2019,10:57:07,379
54566,201909,3,3,3,18-09-2019,22:11:42,18-09-2019,22:16:46,304
54566,201910,2,3,4,21-10-2019,22:51:38,21-10-2019,23:02:02,624
54567,201909,1,3,4,21-09-2019,14:24:35,21-09-2019,14:46:53,1338
54567,201909,3,3,5,22-09-2019,12:19:17,22-09-2019,12:25:15,358
54568,201910,1,4,4,08-10-2019,08:26:11,08-10-2019,08:39:23,792
54569,201909,4,4,4,02-09-2019,16:03:40,02-09-2019,16:11:53,493
54569,201909,2,4,4,16-09-2019,20:54:40,16-09-2019,21:18:12,1412
54570,201910,3,3,3,07-10-2019,17:08:40,07-10-2019,17:13:19,279
54570,201909,4,3,3,09-09-2019,21:17:21,09-09-2019,21:21:27,246
54571,201909,5,5,5,16-09-2019,14:52:55,16-09-2019,14:56:02,187
54571,201909,4,5,5,08-09-2019,23:02:06,08-09-2019,23:14:15,729
54571,201909,5,5,5,08-09-2019,21:35:23,08-09-2019,21:44:57,574
54573,201909,2,4,4,10-09-2019,19:13:54,10-09-2019,19:24:47,653
54576,201910,3,3,3,13-10-2019,14:41:56,13-10-2019,14:50:31,515
54576,201909,2,4,3,05-09-2019,13:08:23,11-09-2019,16:41:11,531168
54577,201910,3,3,2,17-10-2019,19:03:31,17-10-2019,19:11:01,450
54577,201909,4,4,4,16-09-2019,11:44:03,16-09-2019,11:45:51,108
